{
  "hash": "0feaa100",
  "browserHash": "e94b9f3d",
  "optimized": {
    "@angular/core": {
      "src": "../../../../../node_modules/@angular/core/fesm2022/core.mjs",
      "file": "@angular_core.js",
      "fileHash": "9fbf6c88",
      "needsInterop": false
    },
    "@angular/platform-browser": {
      "src": "../../../../../node_modules/@angular/platform-browser/fesm2022/platform-browser.mjs",
      "file": "@angular_platform-browser.js",
      "fileHash": "48f8f052",
      "needsInterop": false
    },
    "@angular/router": {
      "src": "../../../../../node_modules/@angular/router/fesm2022/router.mjs",
      "file": "@angular_router.js",
      "fileHash": "0bb506a8",
      "needsInterop": false
    }
  },
  "chunks": {
    "chunk-XRPFNEWH": {
      "file": "chunk-XRPFNEWH.js"
    },
    "chunk-7X2DQXYU": {
      "file": "chunk-7X2DQXYU.js"
    }
  }
}